,iso3,year,C_i_sys,Strategic_Environment_Index,Clarity_Index_Modified,Strategic_Environment_Index_Modified
0,ALB,1995,0.19208828984188384,0.07616007372248926,0.680648552991029,0.1965093303604039
1,ALB,1996,0.1934274570169283,0.07405839945518188,0.6757741347471629,0.19351922988482445
2,ALB,1997,0.20308354475753584,0.07581348287548297,0.6954335592672124,0.2045327399338419
3,ALB,1998,0.19720603590026753,0.07348799168927943,0.8269862802382002,0.14706760759025686
4,ALB,1999,0.36473887967116814,0.0711219764850883,0.8418245463149239,0.14860971973486622
5,ALB,2000,0.18575684379898483,0.06847226541646578,0.790185672701472,0.14194123251475305
6,ALB,2001,0.19191469205125516,0.06716466099805574,0.7846320399782116,0.1408441440894272
7,ALB,2002,0.18556060274998243,0.06650162440166488,0.768014767566582,0.1436260507575952
8,ALB,2003,0.2123143552932423,0.06573853479842494,0.7683235383149707,0.14230950434569034
9,ALB,2004,0.21196034801763147,0.06486199250649995,0.7607870842599184,0.14164334988858615
10,ALB,2005,0.18517018211506497,0.06322850023947307,0.7249148483767189,0.14362183263674613
11,ALB,2006,0.17847456091680508,0.06184281046378778,0.7143561386071263,0.14086868391078797
12,ALB,2007,0.1863087779191557,0.06102451855145689,0.7087398601629881,0.13990209362775413
13,ALB,2008,0.329666875463357,0.05913359658800943,0.7530841991806547,0.13462437599348046
14,ALB,2009,0.1802169718951695,0.05580366832593136,0.6893879866991144,0.1284853924852114
15,ALB,2010,0.17860634387574328,0.05479210083376707,0.6799918539987115,0.12745992338000312
16,ALB,2011,0.17803274007751124,0.054285314384841805,0.6708540575655967,0.1277425720955103
17,ALB,2012,0.20314638383853995,0.052277094035538214,0.6721499404647521,0.12502942957799035
18,ARG,1995,0.19273917780869046,0.003636391467397399,0.7321503004383998,0.007925481427246889
19,ARG,1996,0.1897460531849966,0.0037253771464211805,0.7216516155469445,0.008181687279258087
20,ARG,1997,0.19056036791588,0.0038662134233774666,0.7128543126886144,0.008525131576416333
21,ARG,1998,0.18963691504291413,0.003891409682223834,0.7032934263122652,0.008626114936908038
22,ARG,1999,0.1970959410398589,0.003771328163164567,0.7486696624849366,0.008641531433818324
23,ARG,2000,0.19445532107064614,0.003727634286394285,0.7392070464696122,0.008825395447058732
24,ARG,2001,0.37974770089716614,0.0036438208520794824,0.7995911927814319,0.008772684623520849
25,ARG,2002,0.19615994347883928,0.0036884664418933076,0.7362202989742038,0.009067232711769213
26,ARG,2003,0.19919667596832583,0.003609596566260147,0.7331799854303226,0.008929190120056073
27,ARG,2004,0.19586327199202117,0.0036362097425275356,0.7231588454237825,0.008974653791717784
28,ARG,2005,0.19237708959990993,0.0036585822009479723,0.7118428395042322,0.00915906494360742
29,ARG,2006,0.18970233867130346,0.0036340923850658436,0.7016003179674527,0.009171092498592093
30,ARG,2007,0.18689278190603387,0.0036598883369101287,0.7116923075708608,0.009229864652481068
31,ARG,2008,0.19399977921050476,0.0037116031377059516,0.7049733537330909,0.00936115288763919
32,ARG,2009,0.1918713681788206,0.003543379402117228,0.6947854673384979,0.00897331310442604
33,ARG,2010,0.19628719330967373,0.003538237979756608,0.686951148097248,0.009058556043987588
34,ARG,2011,0.1926106568843594,0.0035862935499250143,0.6758282094278903,0.00929241199339206
35,ARG,2012,0.18811283790699523,0.0035673334187130185,0.6641312383221132,0.00927186251978184
36,ARM,1995,0.1748941183104951,0.04501652831096111,0.6770122947333783,0.09152358885886917
37,ARM,1996,0.17386579911760422,0.04518674428224388,0.686218191546827,0.0896894289967406
38,ARM,1997,0.17994156380924295,0.04513177487378201,0.6834197519006042,0.08909140071006903
39,ARM,1998,0.1760151522023576,0.044857990171205155,0.7058209222952966,0.09408849380741999
40,ARM,1999,0.26423293948266724,0.04494006862563054,0.733302777998899,0.09135873095375016
41,ARM,2000,0.17811486353867909,0.04871390944030621,0.6905365701951627,0.10119871044663467
42,ARM,2001,0.17980892857836508,0.04439669329159671,0.686631153331894,0.09187165204534611
43,ARM,2002,0.1793221083468264,0.04391509487053767,0.6819256774398388,0.09033027819065359
44,ARM,2003,0.26826966214568737,0.04394101239253138,0.7123935206393988,0.0909459415166603
45,ARM,2004,0.2669788131611752,0.042974291619012166,0.7078967409418206,0.08908665712484783
46,ARM,2005,0.1831127249578968,0.041909937902032596,0.6832295938844086,0.08373570070832177
47,ARM,2006,0.1845434317319893,0.047308438738753004,0.6796077112306093,0.09392561553301686
48,ARM,2007,0.18307913404501874,0.042615875457258846,0.6748745904597211,0.08468389431537407
49,ARM,2008,0.2671366973099906,0.04375951849297871,0.7405820945240889,0.09197432104983329
50,ARM,2009,0.18277341354493554,0.04260358176856154,0.706305657722682,0.08759023140226087
51,ARM,2010,0.17785037512045926,0.04285515459464706,0.700122737178829,0.08591297937439193
52,ARM,2011,0.17666856670421946,0.04248056730838744,0.6945139454263767,0.08560760834521133
53,ARM,2012,0.25678129305018443,0.04296505043950962,0.7195647746031432,0.08900783388746901
54,AUS,1995,0.21103145060116305,0.00013981763145844156,0.6475930228527365,0.0004386528575189751
55,AUS,1996,0.21867616806922127,0.00014552740107917216,0.6742738283707244,0.00045799117245094717
56,AUS,1997,0.2205766836441485,0.00014864689074861666,0.669263744046408,0.0004684303127610815
57,AUS,1998,0.2139147842873321,0.00014140943995978372,0.6605848851239365,0.00044494574233830127
58,AUS,1999,0.20585342327391812,0.0001737042590975939,0.6506794634556221,0.0005469756087698695
59,AUS,2000,0.2029781186547605,0.00015301547844327957,0.642949306912151,0.0004813250270771571
60,AUS,2001,0.19947716062528495,0.00016800983666301559,0.6348696264739516,0.0005314550783723868
61,AUS,2002,0.19155265022131074,0.00015554140580511153,0.6246616726225424,0.0004915445909720651
62,AUS,2003,0.19046001245921276,0.0001553619951765084,0.6175342985473292,0.000491224384545087
63,AUS,2004,0.19372802435100994,0.0001569489943177465,0.6124672499028025,0.0004969739976715082
64,AUS,2005,0.19462272744652226,0.0001540706338292196,0.6062759826600286,0.0004896336722733718
65,AUS,2006,0.19235995386486587,0.00015756580290168343,0.5990954716668924,0.0005018187724709548
66,AUS,2007,0.19453832099935253,0.00015621109054556636,0.6607560655663038,0.0004976290117751426
67,AUS,2008,0.26613195778367016,0.0001568003784241142,0.6853903693687875,0.0005036912260680705
68,AUS,2009,0.19588264325256136,0.00015914119869674196,0.6492266331807978,0.0005127292435841792
69,AUS,2010,0.18898226497345774,0.00015846561038186934,0.659015108322938,0.0005107393981663517
70,AUS,2011,0.19077783154032538,0.00016069979240913032,0.6536945026059816,0.0005173428856007344
71,AUS,2012,0.19979602458870288,0.0001607613824374667,0.651545998113754,0.0005163163211603873
72,AZE,1995,0.16969153127546435,0.04053067651397031,0.6977312909922379,0.06656066791944806
73,AZE,1996,0.16863440758788661,0.04085123166842544,0.6775299030508897,0.06880869717489213
74,AZE,1997,0.17548753694051275,0.040814836593319484,0.6747675541910855,0.0683173269137802
75,AZE,1998,0.1691638653492866,0.04054732403914213,0.6668110409694273,0.06767688592055243
76,AZE,1999,0.2524130327838135,0.04404083355266368,0.6946270555409709,0.07380946694862717
77,AZE,2000,0.16187283247875983,0.04090148549077075,0.6513759258031415,0.06901559998563439
78,AZE,2001,0.16682343465306684,0.04542882499721975,0.6471812144788562,0.0768112101562392
79,AZE,2002,0.16440737431967584,0.047017042533374465,0.6398624278200052,0.07965011738289592
80,AZE,2003,0.2453468736666899,0.04508805888182957,0.7191853848131186,0.07644808962974593
81,AZE,2004,0.2380147226127085,0.039630971956894356,0.7107804760719448,0.0673279632187484
82,AZE,2005,0.16968597191975188,0.03622169740056551,0.6739067458320518,0.0623443257777787
83,AZE,2006,0.17048819498735585,0.037001621442355546,0.6679139008027248,0.06363207177910786
84,AZE,2007,0.17445190544797506,0.0369279893140697,0.6692438432406567,0.06276993491837841
85,AZE,2008,0.27306410155915933,0.038067268857944425,0.6978617089937588,0.06555627834180557
86,AZE,2009,0.17388865217579638,0.03729423442562687,0.6502891196233328,0.0643065879381205
87,AZE,2010,0.16981689935466518,0.037542953904663244,0.6421586711929604,0.06513143590122972
88,AZE,2011,0.1645676179305844,0.04194638713633059,0.6341800898581117,0.07280858040051039
89,AZE,2012,0.22700898010828566,0.037895025641042863,0.6562332525364475,0.0656304408697244
90,BLR,1995,0.16904128081625253,0.07375520763493315,0.6621244984357719,0.16902751485439915
91,BLR,1996,0.16930659677908141,0.07205714604783889,0.6577405656536346,0.13464707039873228
92,BLR,1997,0.1757589664152547,0.070098077167618,0.6530965319435911,0.1184028285329395
93,BLR,1998,0.17044695105467067,0.06875916632482808,0.6449432178496018,0.11565987519289166
94,BLR,1999,0.32637720920716184,0.06658617065990485,0.7065280326656279,0.11236222514521449
95,BLR,2000,0.17523379330956268,0.0651221601148639,0.6343550621653596,0.11005970442280706
96,BLR,2001,0.17953954393060242,0.06519190431529664,0.6299574988429861,0.11066790703762036
97,BLR,2002,0.1797580356962247,0.0625720492071744,0.6237373273893958,0.1069731489419378
98,BLR,2003,0.19345592569494816,0.062144254460034055,0.6237939281941833,0.10397507278616751
99,BLR,2004,0.18917084145321075,0.06072498580564426,0.6155213893578865,0.10140263705299604
100,BLR,2005,0.17074454734220246,0.057676776936066695,0.6066371236874821,0.0948770630904232
101,BLR,2006,0.17421445969111576,0.0568407441706462,0.6019588713619308,0.09527603198826795
102,BLR,2007,0.176079607614503,0.05603556152298781,0.5965339380421071,0.09197185610993802
103,BLR,2008,0.33213987139389983,0.054554532800488886,0.6678176877434991,0.08912874988989107
104,BLR,2009,0.17143383576687393,0.051009246415203,0.5814974121811346,0.08572755845744831
105,BLR,2010,0.16871794056132375,0.05047726117802491,0.5737027355642359,0.08612530790695708
106,BLR,2011,0.1669386717972299,0.04988501608194294,0.5668568245143604,0.08566141268771363
107,BLR,2012,0.18058021562331786,0.04860598844384091,0.5681133231391675,0.08327545870193923
108,BRA,1995,0.20758082058695232,0.0014140466652793739,0.7865115928625954,0.0032132515733671353
109,BRA,1996,0.20435699044650935,0.001443818248347916,0.7775972733419048,0.0033197519871416693
110,BRA,1997,0.23190969630211364,0.0014669672637898231,0.7773889356213839,0.0034146708420084684
111,BRA,1998,0.20799603703233704,0.001495726282573173,0.7621545599111677,0.0034539204941651754
112,BRA,1999,0.23788895436365817,0.0014714977265586303,0.7626716779640839,0.003395962050705662
113,BRA,2000,0.2140913510695815,0.0014528101477849866,0.7463792780436409,0.0033715518650446383
114,BRA,2001,0.3627619856225134,0.0014427494138504024,0.7870276575485691,0.0033572725602625045
115,BRA,2002,0.2143127618542441,0.001456960106967553,0.7282202587860133,0.003314301335336161
116,BRA,2003,0.2157445383142358,0.0015644276388186527,0.7544585562788878,0.0036279809879793384
117,BRA,2004,0.21661004451081198,0.0014509254332517587,0.7458763908636568,0.0033852594306427435
118,BRA,2005,0.21234858057229045,0.001460549102082296,0.7528382447182463,0.003406543963648813
119,BRA,2006,0.20627137496115325,0.0014571498176108619,0.7422814861177744,0.003453797579449678
120,BRA,2007,0.2065309499448431,0.0014458854732256044,0.7335712458517726,0.0034527327399114954
121,BRA,2008,0.2097190270462729,0.0014663112722849152,0.7257355404527162,0.0035383992007799927
122,BRA,2009,0.210190218324613,0.0014518693521300046,0.7168512732489971,0.0035426458488997388
123,BRA,2010,0.20788694067833968,0.0014198587835940121,0.7068040219729461,0.0035527926336166114
124,BRA,2011,0.206038845852345,0.0014205311191835765,0.7346380839406629,0.003590662519249036
125,BRA,2012,0.20714831215108212,0.00142835515535227,0.7260737358561846,0.0036538265615720603
126,CAN,1995,0.23797910126067304,0.06817882964311663,0.6670368304855866,0.20591162764993198
127,CAN,1996,0.23408320541520805,0.0672071231056528,0.6595644339771415,0.20301824821105677
128,CAN,1997,0.2550333294842677,0.12115806563128842,0.6632641039637137,0.36528927378245934
129,CAN,1998,0.22935853471401246,0.06868213068548115,0.6458530309477981,0.20713088193973692
130,CAN,1999,0.24966245354990943,0.06914436815652063,0.6495309353183416,0.20903110042518114
131,CAN,2000,0.22882481168632487,0.06921381838547765,0.633988341718857,0.21049782632933317
132,CAN,2001,0.43311066146116,0.06857370688078783,0.7266748566754659,0.20886047557633006
133,CAN,2002,0.23333709613129297,0.07433844914084936,0.6245785112023055,0.22702125168156606
134,CAN,2003,0.23889776281071717,0.07351477925581139,0.6789058843909357,0.2250866329181968
135,CAN,2004,0.24011708340170754,0.0733580184210476,0.6736956542029762,0.22588457565622747
136,CAN,2005,0.2407168759925738,0.07568113575901905,0.6672089415573558,0.2349679508351563
137,CAN,2006,0.23977498532734068,0.07465433276295508,0.6782859034343736,0.23204149931108925
138,CAN,2007,0.239977976355761,0.07251662242160051,0.6726284451198647,0.2257353757759464
139,CAN,2008,0.2651095952535393,0.07146131509939799,0.6779001825509743,0.22343932963679491
140,CAN,2009,0.2501416100946288,0.07079932211413113,0.665673212853638,0.2200074383669295
141,CAN,2010,0.25083635743823024,0.07143350716007206,0.6603216625789525,0.2234145898086227
142,CAN,2011,0.24943087420800447,0.06915767480032153,0.6540124757054899,0.21640864448533453
143,CAN,2012,0.24628168943396722,0.06726958665132708,0.646865081262109,0.21022554642926608
144,CHL,1995,0.16123317513483298,0.0035945688814058895,0.7764722830118365,0.00900158841333034
145,CHL,1996,0.15469451159465972,0.0036990863054074167,0.7655663684681058,0.009246518309983886
146,CHL,1997,0.14477404695327817,0.0037548910685710713,0.753362328186644,0.009480255136440803
147,CHL,1998,0.14529132817571577,0.003820471773980999,0.7286201322543765,0.009952594518764006
148,CHL,1999,0.14890172268129148,0.0037500541381411422,0.7191470886944982,0.009904629369877356
149,CHL,2000,0.14745940607318336,0.0036599675254340774,0.7366562365493423,0.009737756653528067
150,CHL,2001,0.2945480594375612,0.0035600587463399894,0.773925544698878,0.009548162512220659
151,CHL,2002,0.15195450524769663,0.0036315633271657775,0.7182328526840687,0.009829054761836514
152,CHL,2003,0.1517297575222235,0.003648255418759079,0.707979115474278,0.00998509773685941
153,CHL,2004,0.14039231133148578,0.0036105905332292276,0.693578297720479,0.009998894663323724
154,CHL,2005,0.14227224896608945,0.00359355204000234,0.6752965079246118,0.010192479188824745
155,CHL,2006,0.1391302261014323,0.0035616797457019424,0.6956953676857278,0.010210261944878991
156,CHL,2007,0.1377246567532859,0.003555215863345627,0.6845313915544884,0.010303276232432865
157,CHL,2008,0.14299764357778647,0.0036315324401229344,0.6756764628618773,0.010620637370295373
158,CHL,2009,0.15041853313033432,0.0035285333086146203,0.66761351037913,0.010539080923212938
159,CHL,2010,0.15345346470352916,0.0035658027506406394,0.6785240202439582,0.01079020295676455
160,CHL,2011,0.14831931991600522,0.0035893626554925877,0.6656388156188361,0.010917928524784194
161,CHL,2012,0.1494186402081157,0.003566044384790965,0.6549681783706163,0.010943842177519583
162,CHN,1995,0.15820642955480105,0.032677459891817785,0.7129666640355357,0.052905339664728455
163,CHN,1996,0.1759047323752706,0.028417691225079113,0.7098897981555892,0.046504167027082766
164,CHN,1997,0.15529360969868056,0.02815019740042161,0.7646635467239997,0.046164730130040306
165,CHN,1998,0.17747094171468455,0.023159219785305326,0.7628473660825306,0.03810008819584541
166,CHN,1999,0.17929160977417594,0.02679802283745416,0.7519647085560939,0.04438922802807795
167,CHN,2000,0.17223759363861385,0.023720080733585138,0.7369764746362117,0.03962356693625035
168,CHN,2001,0.1716445881394139,0.023680251748629547,0.7239924261723352,0.03989015249881042
169,CHN,2002,0.17937401746314574,0.03389184890524862,0.7138579848039439,0.057554733687614455
170,CHN,2003,0.15730312529616322,0.03184338859930112,0.7227892129267588,0.054873970632997066
171,CHN,2004,0.15731986016043045,0.03153357735127086,0.7105433313972727,0.05511554644433983
172,CHN,2005,0.17207966396372348,0.026961367308949866,0.7064330417094911,0.04530299394507351
173,CHN,2006,0.17126435179524377,0.023471058176788084,0.6941169428723653,0.03930203769197931
174,CHN,2007,0.17165737094869488,0.02728027324454478,0.6822447030945262,0.04651273882020518
175,CHN,2008,0.32358950767029376,0.022993545041110095,0.7309752519444613,0.03969381459211813
176,CHN,2009,0.17489972346579463,0.023452803830204604,0.6605334036460012,0.04094081078989647
177,CHN,2010,0.16457012807357363,0.03556686741834683,0.6475014754248077,0.06178851851620246
178,CHN,2011,0.17693958468107038,0.026053159612446624,0.6442850145109607,0.04530492613337076
179,CHN,2012,0.18106008675911137,0.02681230148165514,0.6905772122710242,0.0465155329998578
180,COL,1995,0.1628154520181296,0.009200643280099194,0.7188076328535472,0.02391027232891753
181,COL,1996,0.17026636525948707,0.00794286941899459,0.722557523234401,0.020374708587169596
182,COL,1997,0.1639826382770459,0.009370950549646925,0.7220521359071713,0.023638508135606924
183,COL,1998,0.1724893240151918,0.008116695708127208,0.7392448543907535,0.020509313959012877
184,COL,1999,0.17027478655707048,0.008039270338758677,0.7403995802456391,0.020154499668019996
185,COL,2000,0.17043029641711055,0.009156002248152991,0.7426519160017707,0.022372118831508664
186,COL,2001,0.3402886938305255,0.008077752943882528,0.7973822067081561,0.01941678963437859
187,COL,2002,0.1763608615433138,0.008238600941021869,0.7666103500484636,0.0199978848080987
188,COL,2003,0.17655554900436013,0.00931451585282404,0.7688511113653882,0.02236998877529504
189,COL,2004,0.18115982479165454,0.007975070955630334,0.772054109194821,0.018939019923656795
190,COL,2005,0.1861407532720707,0.008501137571531031,0.7750534453302236,0.02003335934396861
191,COL,2006,0.17951430591759912,0.00968950946674077,0.7744001798383686,0.022600634354364296
192,COL,2007,0.18812351129034713,0.008576838885260002,0.7775936793051061,0.019870363266132507
193,COL,2008,0.18716208412193633,0.009521934725292747,0.7777927621256897,0.02200606838345897
194,COL,2009,0.18779282396671382,0.00972111955735154,0.7780378705169726,0.02258250597591367
195,COL,2010,0.18218381943265863,0.00872993469070154,0.806996833769008,0.020038208037486023
196,COL,2011,0.18409397770423938,0.007780282409537786,0.8063813026858863,0.017827800405784834
197,COL,2012,0.1849352956017272,0.007819332253185561,0.8051166249089291,0.017849947380654548
198,CYP,1995,0.21988207812895783,0.0622103077173058,0.6759892217071345,0.1849999981251671
199,CYP,1996,0.21650512021860788,0.06471607665666357,0.6689760757362804,0.19290432002127622
200,CYP,1997,0.2262902477472306,0.06279403298551967,0.6675697547786349,0.18756868142582536
201,CYP,1998,0.2090429045522805,0.06431058503801848,0.6544952917539046,0.19247744142522494
202,CYP,1999,0.310269744987843,0.06181335610862162,0.6937739201113784,0.18523036127887188
203,CYP,2000,0.21881890979458243,0.06025733018370134,0.7940490742453481,0.1411253559618029
204,CYP,2001,0.22065218375759507,0.05988875522798176,0.7720278529558752,0.144178650107109
205,CYP,2002,0.22218894189460564,0.05979458959504299,0.7494170464962773,0.14806325168023102
206,CYP,2003,0.33455561351637175,0.054608182251725895,0.8009244116776386,0.13798206480024078
207,CYP,2004,0.3313363485880604,0.053626244760879245,0.7816848022537104,0.1407859200330625
208,CYP,2005,0.21804994126829222,0.052625667358424756,0.7252206679017804,0.14160634500008232
209,CYP,2006,0.21767183288002842,0.053133418757205224,0.7076282025305062,0.14561667179943794
210,CYP,2007,0.21527498124667996,0.05284824198779143,0.6913818537933375,0.14707748969250045
211,CYP,2008,0.30845817244570395,0.053185673470049245,0.7397573434382612,0.15021311040232824
212,CYP,2009,0.21733841521750552,0.05139835032791605,0.6952899053466126,0.14749916393989565
213,CYP,2010,0.21129161517213577,0.051647573788918086,0.6814273596262141,0.15011169836389546
214,CYP,2011,0.21256691785130183,0.05644193174069166,0.6738981792191783,0.16492853126766013
215,CYP,2012,0.3154827898976516,0.051031860177544144,0.7094506337862432,0.14984485791861593
216,DOM,1995,0.14618877135543737,0.01846769249231681,0.701015513495888,0.03504945364086975
217,DOM,1996,0.1446224725586049,0.01835539849357377,0.7348126821312257,0.03664664994273388
218,DOM,1997,0.15030617346021558,0.018496053683555336,0.7246635177040905,0.03792048836472257
219,DOM,1998,0.14676657659455325,0.018773253134711912,0.7113017356054127,0.038838014011495024
220,DOM,1999,0.1472678761346661,0.018775167179012744,0.6990099374230171,0.0392785494156873
221,DOM,2000,0.14299128506265632,0.018748502434463122,0.7057400181610392,0.0396192984269517
222,DOM,2001,0.2772229992101191,0.018729081306069265,0.7412671079618945,0.039464109754489954
223,DOM,2002,0.14219049517433835,0.01994131078612588,0.6801385303801198,0.04259808538104043
224,DOM,2003,0.14385165275636896,0.019686492904800373,0.6677369936546156,0.04300841829321803
225,DOM,2004,0.1306183114745325,0.020004547551237938,0.6050287569777184,0.04574457486437039
226,DOM,2005,0.14494801607732924,0.020134463192092854,0.6122511066641424,0.04497246761919269
227,DOM,2006,0.1441771731670642,0.019946497998369023,0.5975253966669043,0.04516783755246774
228,DOM,2007,0.14070775907108182,0.019641288570262986,0.5897709866280396,0.04462701326822723
229,DOM,2008,0.15291272963412839,0.01956690660458157,0.589561825218781,0.044532674098890675
230,DOM,2009,0.15326840974446565,0.019817021187665904,0.5837008413341357,0.045429974899898876
231,DOM,2010,0.14838827215380831,0.019270295511130745,0.5752334069116651,0.04479810248736982
232,DOM,2011,0.14395050777469395,0.018713374623236613,0.5669202252441385,0.04294002411382317
233,DOM,2012,0.1460883070356881,0.018537333065943292,0.6592689849059926,0.04248184183304349
234,EGY,1995,0.20757285492338748,0.03821127310978797,0.7828958958045473,0.06377220959565749
235,EGY,1996,0.20757392692520915,0.03858005401758993,0.7896084604115383,0.06345656030710317
236,EGY,1997,0.23376729110573474,0.03817763358866154,0.8027191451355139,0.06305712382073173
237,EGY,1998,0.20946918976668133,0.03794546984161182,0.803702311259912,0.06149535699417746
238,EGY,1999,0.32061014053642584,0.03904699681227284,0.8372101909239158,0.06274175573224212
239,EGY,2000,0.20942688631561152,0.036970774149472245,0.8170591015431484,0.059413560148748885
240,EGY,2001,0.2101843118318551,0.037009592540431055,0.7971289356388316,0.06097773435896849
241,EGY,2002,0.20519701020031633,0.03657943451054382,0.7751476130670903,0.06197143560023313
242,EGY,2003,0.291746351946273,0.03643574937294698,0.780769609045412,0.06319977401998587
243,EGY,2004,0.30502517448690847,0.03776493918024394,0.7659613203672078,0.06744563510322833
244,EGY,2005,0.20228219858407134,0.03517327612747707,0.7159436044082983,0.06330718113902446
245,EGY,2006,0.20626903504794958,0.037751650730711836,0.6949059875196937,0.06914070065703416
246,EGY,2007,0.20428043165475704,0.035342453545906295,0.6711596321735416,0.06651345989038368
247,EGY,2008,0.2948119516895635,0.03581241374972899,0.687790448953032,0.06914841306629345
248,EGY,2009,0.21007492306782005,0.03669951066346849,0.629423451626975,0.07204091821568485
249,EGY,2010,0.20171003181136662,0.03479027186721852,0.6069858847201937,0.07016640112273496
250,EGY,2011,0.20641601257587036,0.0365257463086573,0.7719693225157498,0.07018131110753979
251,EGY,2012,0.2846730757492773,0.03454520193500665,0.7922178033126216,0.08006346214446573
252,EST,1995,0.2200746857247252,0.07854493457720468,0.6771917754914669,0.2326830653119541
253,EST,1996,0.21649560303258059,0.0763491710526667,0.6699195207021192,0.2274383267270791
254,EST,1997,0.22290444260363934,0.07379907026510019,0.678363001475742,0.2203921422768896
255,EST,1998,0.21489526012125804,0.07160226253232725,0.6692453165020473,0.2141684772010027
256,EST,1999,0.4109969345569486,0.06997918487330988,0.7254977325370449,0.21039538239411984
257,EST,2000,0.21334337263896377,0.0692281517538801,0.6272334314343178,0.21095855005437814
258,EST,2001,0.21438757042860987,0.06943300348450983,0.6215773836568809,0.21230581827802197
259,EST,2002,0.21284942091513376,0.06623630628089382,0.6730476265595641,0.201602238373644
260,EST,2003,0.22211231029990122,0.06580576973353935,0.6766100623576261,0.200733831699693
261,EST,2004,0.22093434856267574,0.06406732359811738,0.6700462405699209,0.1956153546056659
262,EST,2005,0.20943911408253055,0.05969381921377066,0.6707621376348585,0.1833680262537569
263,EST,2006,0.20741876564645206,0.058962315310286194,0.6637308835400899,0.18127385349941236
264,EST,2007,0.2048458347647041,0.05813361373573476,0.656418907404058,0.18170069180123796
265,EST,2008,0.3919279431963221,0.056632449027904694,0.7324911029918958,0.17511305676251168
266,EST,2009,0.20441988103728265,0.05300490606959436,0.6437562461049877,0.1615055795541136
267,EST,2010,0.1994254145521493,0.05246184762793472,0.6352256432842609,0.16131943629851508
268,EST,2011,0.1949161951513771,0.05210714947885896,0.6271574702545292,0.15999702598179413
269,EST,2012,0.20266051313836253,0.050839212892427835,0.6247882001268749,0.15572534993978812
270,FIN,1995,0.17271786719580914,0.0733127322139094,0.6529282064002981,0.21389578821581354
271,FIN,1996,0.17159658167281833,0.07112299643146479,0.6463605588671778,0.20691037804040305
272,FIN,1997,0.1786117668882577,0.0687117414552939,0.6433096923764555,0.2008466334935771
273,FIN,1998,0.1755362245419467,0.06649287280291007,0.6359058937700154,0.1947581686302418
274,FIN,1999,0.3358423549970263,0.06504867621699317,0.701510024282235,0.1913087176013165
275,FIN,2000,0.17418013312216588,0.0643981951738064,0.6589331015964658,0.1890710392265331
276,FIN,2001,0.17802494825857548,0.06467159248438865,0.6541110016960606,0.19176552888077616
277,FIN,2002,0.17897020967326557,0.061562954387959855,0.6480939244891777,0.1827001815645738
278,FIN,2003,0.1866840172862592,0.061098228916275754,0.6450335273209059,0.18208903436754126
279,FIN,2004,0.1834062195492719,0.05949826862372996,0.6371985135620437,0.17803670740694827
280,FIN,2005,0.17163279277210153,0.055367764321853086,0.6254586608706386,0.16585348699425712
281,FIN,2006,0.17310640926846585,0.054684631445337965,0.6199958486486661,0.16409272095901364
282,FIN,2007,0.17538927758253428,0.06410409351798162,0.61493277700036,0.19305804571245763
283,FIN,2008,0.33908714807839074,0.06264172169052175,0.6864757071504757,0.18894919925277892
284,FIN,2009,0.1702542089256593,0.049266733444559146,0.6002343811697338,0.14824407184434546
285,FIN,2010,0.16742647700324892,0.04878672663048958,0.5927008000484316,0.14708045320336627
286,FIN,2011,0.1660592355574145,0.05825564806984215,0.5858506043186699,0.17663608471394332
287,FIN,2012,0.17318239019927462,0.047410410354138226,0.6568019823411279,0.14347936912084738
288,GHA,1995,0.13621271724616077,0.007583146618822207,0.9262985532942195,0.0178716891639725
289,GHA,1996,0.1342919665323661,0.007625060315082705,0.9208585727661103,0.018930512347771107
290,GHA,1997,0.25295729458485705,0.007667509468223925,0.9627273155781957,0.015539757946218001
291,GHA,1998,0.13295285367364848,0.0075778843449486166,0.9519471233591816,0.015474228444575687
292,GHA,1999,0.2784800473864013,0.007536599290008441,0.9558196068748532,0.0155779192873368
293,GHA,2000,0.14248282952022825,0.0072657019266768215,0.9362046769510685,0.01568265258933341
294,GHA,2001,0.14079418523455156,0.007573905980383975,0.8047823155893686,0.017517496382345784
295,GHA,2002,0.1410691133679769,0.00811073895409815,0.7944212242330505,0.018937133455937893
296,GHA,2003,0.14292151380710738,0.008092633396310382,0.7842205693641858,0.018980649954154133
297,GHA,2004,0.14377484532819157,0.008193560166289589,0.773559295469765,0.019327334811274178
298,GHA,2005,0.14376342171073214,0.008580930551748087,0.748370578015007,0.020840953093251294
299,GHA,2006,0.14278482604896892,0.008335194726530448,0.7364736409806241,0.02051488307019272
300,GHA,2007,0.14073806896103638,0.008391739010088292,0.7239638005605442,0.02080641123279229
301,GHA,2008,0.15235702411838456,0.00842533737171687,0.7157361320355897,0.02115071268414683
302,GHA,2009,0.14566619361615218,0.008356935887797762,0.738546069305417,0.021245266822623614
303,GHA,2010,0.14741569926975853,0.008409640098834409,0.723904352860681,0.02181729539244915
304,GHA,2011,0.14457447806755278,0.008513403652169451,0.7110927851958202,0.02241820734534862
305,GHA,2012,0.14800562456792068,0.008615743663758984,0.7154121021329798,0.022858109877094242
306,HUN,1995,0.16890153806196678,0.09675487201358592,0.6749166737898765,0.2806604801603808
307,HUN,1996,0.16927902765576566,0.09300402497407875,0.6563274969129845,0.2767830438251573
308,HUN,1997,0.17808884860475638,0.09077080215746414,0.6409892701617452,0.2788727866289534
309,HUN,1998,0.16937436873662667,0.08961116741437392,0.6556311189181757,0.27542972460024684
310,HUN,1999,0.30266297657569413,0.061772649532219726,0.7047840308905732,0.18982490184347056
311,HUN,2000,0.159302567912207,0.06055015157318446,0.636690078362393,0.18737610941928295
312,HUN,2001,0.1629315984076351,0.05961834978509797,0.6308478831349267,0.18528847707401921
313,HUN,2002,0.16465328472627883,0.0575386346235886,0.6492273933381857,0.17964093748804702
314,HUN,2003,0.177422355384768,0.05693432206855159,0.6473070806433068,0.1796835135011865
315,HUN,2004,0.17007585202901077,0.055993200737701365,0.6492956231121033,0.17725349356914083
316,HUN,2005,0.15894670689135507,0.05358119984054499,0.6371069947327784,0.1695298677180743
317,HUN,2006,0.1580204720584838,0.0520385562911443,0.6303337927726507,0.16719742619297215
318,HUN,2007,0.16172951449618558,0.05124676420056474,0.6256167473920575,0.16456232411006286
319,HUN,2008,0.3064642547581281,0.0496665013415294,0.6850074181564894,0.16004746242299003
320,HUN,2009,0.1614058426133047,0.046584271368646776,0.6445159779262293,0.1504593083431206
321,HUN,2010,0.15879387102973078,0.04597307997640221,0.5669963403076559,0.14644676462728445
322,HUN,2011,0.15745795218319714,0.04567488818374672,0.5599308740890881,0.14489996895901233
323,HUN,2012,0.16876841373946974,0.04423090168708432,0.5595462582289423,0.13777259148717352
324,IND,1995,0.20433739045002436,0.025422804475739417,0.7298692656490849,0.06592132030622212
325,IND,1996,0.2005236524154943,0.025412448271266187,0.7522897405172594,0.06548578094905655
326,IND,1997,0.20397470949166122,0.025065333394439313,0.7587218131030529,0.06410457068975492
327,IND,1998,0.20127034147248313,0.025354428183168652,0.7630491661993077,0.06453624306835955
328,IND,1999,0.22005806444248152,0.027862704071891536,0.7643661771006343,0.07076112390972975
329,IND,2000,0.1943312105275931,0.026834405901106514,0.7591670678372623,0.06659328622424797
330,IND,2001,0.19541414947886435,0.027173531003976067,0.7600120710646061,0.06772751741053208
331,IND,2002,0.20633597908437668,0.027651791870101743,0.7676762607016244,0.06763808793021812
332,IND,2003,0.24114013315567634,0.030187910300087894,0.7820068299280014,0.07233640829829031
333,IND,2004,0.23852452068932248,0.028981816686173403,0.802575622241906,0.06881149844988407
334,IND,2005,0.20785079801461712,0.028505793446055153,0.7971132215744321,0.0664826547875545
335,IND,2006,0.20073197063813092,0.022784294762217563,0.7948992133084029,0.052582417977201715
336,IND,2007,0.20210627476394738,0.02564633882629738,0.7948735114966092,0.05868624014755057
337,IND,2008,0.36718601091956427,0.029397547171494696,0.8368990864066415,0.06748072896993894
338,IND,2009,0.21005796237973604,0.032142789315470106,0.7957297846194172,0.07389493217382026
339,IND,2010,0.21018062685671235,0.02964168488668828,0.799984719513486,0.06768134168745644
340,IND,2011,0.21017126035794317,0.030155377176717266,0.7991507283693623,0.06886965878601477
341,IND,2012,0.24090604821251582,0.03092105288929932,0.8060369321822198,0.0701556434737793
342,IRN,1995,0.1926078897352321,0.03697493976053875,0.7996408025740327,0.061878682531676034
343,IRN,1996,0.18305158715816788,0.04185418693609933,0.7875813078800109,0.07104744180258812
344,IRN,1997,0.19091826139500723,0.04094686114501159,0.8073514409304525,0.07398851590855843
345,IRN,1998,0.18066702178972557,0.039370581941832905,0.7956029169620356,0.07228244916975203
346,IRN,1999,0.25604001349934874,0.04274087005687986,0.8057691048258636,0.08150443913473059
347,IRN,2000,0.1831209339144959,0.037355623541166096,0.7770443865234956,0.07080239905865185
348,IRN,2001,0.18165687668500252,0.039276908228621,0.766736112322014,0.07046148386452887
349,IRN,2002,0.18599125526667346,0.03820808722632835,0.7579123836437283,0.07191358580120902
350,IRN,2003,0.2757038830909254,0.03897311273572202,0.7754618487076794,0.07333942090113842
351,IRN,2004,0.2795690415707089,0.03940135862192659,0.7673979034138456,0.06889331499058655
352,IRN,2005,0.19355380713724732,0.03555397519223527,0.7653045362636656,0.06214442853885095
353,IRN,2006,0.19494073539043297,0.03597158209438572,0.755842255885693,0.06332494216005678
354,IRN,2007,0.19976932720457974,0.036164093257471434,0.7473017539421298,0.064437906521096
355,IRN,2008,0.29539627782449146,0.038909734582144265,0.7685151711100734,0.0703445940926586
356,IRN,2009,0.19806030113195097,0.038877700562189206,0.7261137123793031,0.07117143248968186
357,IRN,2010,0.1951005843254827,0.03904230640033006,0.7144415964077857,0.07373221170562505
358,IRN,2011,0.1944389262628174,0.037491146859768,0.7033373107958631,0.07136199560544575
359,IRN,2012,0.27037089569359996,0.04025403202943006,0.7212749779546882,0.07765687790675513
360,ISR,1995,0.1816698452867804,0.05071905016568199,0.8163336016818034,0.12008326084353996
361,ISR,1996,0.1859702757532612,0.0510789081459115,0.8128157300347366,0.12196304553692651
362,ISR,1997,0.20732212896223437,0.0483763862305606,0.8097933468968673,0.11631456378142119
363,ISR,1998,0.18281087849188057,0.05055052517539539,0.795319772086519,0.12279832824200274
364,ISR,1999,0.2730042206425935,0.048441836348437274,0.8195534111463769,0.11876979045468768
365,ISR,2000,0.18119210077214176,0.050639607813144964,0.7875794599291532,0.12520191445992448
366,ISR,2001,0.18442936111740876,0.05110855084169419,0.7864576987152146,0.12896908521021233
367,ISR,2002,0.18152404390101914,0.05140070770751406,0.775833259350409,0.1311813327536894
368,ISR,2003,0.2713559695230464,0.05216293405418379,0.7912482503971338,0.1346910480779782
369,ISR,2004,0.27861830480363,0.05238028998899915,0.783817527966314,0.13680114245325192
370,ISR,2005,0.18051558791950914,0.046228936870081734,0.7431299145546084,0.12209974731857828
371,ISR,2006,0.17511988297173334,0.055267541223211265,0.7517422639820042,0.14609156365310141
372,ISR,2007,0.17617760679299374,0.049631394244693566,0.7503066946619671,0.1306440329070421
373,ISR,2008,0.2637595012486686,0.04726910286753001,0.766306380137149,0.12648812394471706
374,ISR,2009,0.1868978565801154,0.051901677627065136,0.6848301109954924,0.1409562253894172
375,ISR,2010,0.1849471464789129,0.04805739136319895,0.6718173161950353,0.13151255696696548
376,ISR,2011,0.1790203920002072,0.05851049332432005,0.6574675425670785,0.16175388867816717
377,ISR,2012,0.2691635075638016,0.05316856832600182,0.6847907849798179,0.14863562120744947
378,ITA,1995,0.2111609512771929,0.06419078218338375,0.752698267911882,0.17251268392637917
379,ITA,1996,0.21166062092928342,0.06300242688434948,0.748452675984421,0.1706865100826617
380,ITA,1997,0.23336841432283595,0.06146272773773827,0.7466536170149561,0.16749410702733028
381,ITA,1998,0.20871197157801044,0.06200422087719941,0.7386743967548813,0.17012207499006235
382,ITA,1999,0.39597055772164497,0.060758226078338834,0.7935217492269542,0.16811344662444738
383,ITA,2000,0.20414994370514583,0.055720259829214934,0.689462184645233,0.15524662802064937
384,ITA,2001,0.20796337234992315,0.05454136332633574,0.6908033287345072,0.15297167325458882
385,ITA,2002,0.2080867667039302,0.0534538451759915,0.6808904424287432,0.15170358065301226
386,ITA,2003,0.218832739376322,0.05278317464061292,0.6752389605518421,0.15128908343963363
387,ITA,2004,0.2154401329010427,0.052263881791198896,0.6636470233732348,0.1513543896291322
388,ITA,2005,0.19948716401967065,0.051216742313452183,0.6462595593626044,0.14972422330493082
389,ITA,2006,0.1979219268493,0.04974411321588832,0.6455791522928358,0.14711718339818156
390,ITA,2007,0.19749117762255003,0.048943530202289316,0.6346542852502616,0.14581384874450462
391,ITA,2008,0.3593687342501234,0.04786662624478829,0.6908190375604922,0.1430693164231938
392,ITA,2009,0.19740619866469075,0.04496219489771429,0.6014369428184824,0.13563825087017267
393,ITA,2010,0.19421756176294938,0.04417467375131802,0.5884323624682897,0.13476482804369763
394,ITA,2011,0.1965543422451593,0.04365877734449493,0.6763335605120877,0.13498797118147474
395,ITA,2012,0.21012855671898512,0.042197842805650254,0.6719755885204675,0.12972564670866546
396,JOR,1995,0.18534581474101286,0.04959960206241836,0.6331131961456951,0.08438807380625153
397,JOR,1996,0.1854932106594614,0.05017125868037812,0.6199972793438109,0.08553376649596044
398,JOR,1997,0.19903901447931133,0.05020683544388071,0.6131675280552964,0.08812935478946483
399,JOR,1998,0.18240114012686667,0.0499269000700001,0.5915192310081006,0.08888816024661017
400,JOR,1999,0.2574655940750688,0.05187912816785142,0.7914877273757044,0.09317672238287102
401,JOR,2000,0.1783674867214532,0.049559642552661556,0.7597068190426545,0.09170288773667974
402,JOR,2001,0.1819279528586936,0.04979412516386214,0.751029961087098,0.09327490573397737
403,JOR,2002,0.1775613211167873,0.049357926270721914,0.7397396262928022,0.09390128366280708
404,JOR,2003,0.27277345638624784,0.049214840165774765,0.7608920440159572,0.0943947485237272
405,JOR,2004,0.2682027823288132,0.04822696443432482,0.7501850923832141,0.09140882212999517
406,JOR,2005,0.17456267316179808,0.04759426684563326,0.6932033920693059,0.09198499109922298
407,JOR,2006,0.17440435390258757,0.04833360181165214,0.682143446923617,0.09420499134120588
408,JOR,2007,0.174084759038848,0.04808760370341247,0.6708228463666299,0.09480910784605964
409,JOR,2008,0.2492823049787945,0.04903303331915501,0.6904408718952599,0.10275920815908234
410,JOR,2009,0.17761034058507433,0.0476670996758363,0.6506839188201169,0.10048958585889982
411,JOR,2010,0.17374207233440936,0.04809142682277376,0.6399941498422164,0.10295240416963264
412,JOR,2011,0.17125163867074422,0.047749634485359356,0.6311038731888747,0.1048861200623637
413,JOR,2012,0.2582801641568615,0.051179615037062094,0.6649871354939625,0.11267831060020461
414,JPN,1995,0.15472666692585713,0.039527678415870966,0.6250430787286095,0.12367777463794587
415,JPN,1996,0.16115842903169095,0.04493484040096667,0.634424297778357,0.14073947758309907
416,JPN,1997,0.13735387389238285,0.03160892040376521,0.6173366378238363,0.09892818451684755
417,JPN,1998,0.13461918449876809,0.03197249315178426,0.6228582246456726,0.10025692113383756
418,JPN,1999,0.14900502934623,0.049418737740895134,0.6197714413535219,0.1561242542920389
419,JPN,2000,0.1493274034639849,0.031016835818498303,0.6265836291070288,0.09804709370083342
420,JPN,2001,0.12943002187406172,0.03400777945910774,0.6178493545414238,0.10746831452220496
421,JPN,2002,0.13229646208026904,0.04408130734266196,0.6123059748494093,0.13987266606906967
422,JPN,2003,0.12946657306771822,0.04589999014323368,0.6042177349620718,0.14592786352092477
423,JPN,2004,0.14486695139539482,0.04874256506033974,0.6045163015815144,0.1547442243463759
424,JPN,2005,0.1477493824896597,0.04994843630779559,0.6049180989825126,0.1563166821222551
425,JPN,2006,0.14778640566712953,0.03811197756463701,0.6312729111946169,0.11903455297274146
426,JPN,2007,0.13778903496462025,0.048145350726718605,0.6269473507724903,0.15021892859554045
427,JPN,2008,0.2577441956004978,0.03488347756176821,0.6788483266106825,0.10890098684822035
428,JPN,2009,0.1364226077396626,0.03676002392243633,0.6263561389729209,0.11518148660976725
429,JPN,2010,0.13490766569690932,0.057532869389835935,0.6315864081719255,0.17801949830284314
430,JPN,2011,0.13714838969748064,0.05832193179683423,0.6325406568048311,0.17992150629070794
431,JPN,2012,0.12710993954449026,0.06706423512017778,0.5884369365456379,0.2093477877069636
432,MLI,1995,0.12875632651284316,0.007306377438264702,0.6711122453665427,0.01821131862206749
433,MLI,1996,0.1255657048342589,0.007295862295599454,0.6643130274611937,0.018021633986962923
434,MLI,1997,0.22868256710864532,0.007247294969625274,0.6989635825879439,0.017881127371125537
435,MLI,1998,0.12865498924011168,0.007255022864816769,0.6543489400407708,0.017751993303265542
436,MLI,1999,0.26318961124930224,0.007184681389766175,0.7030028069491704,0.017598686567556494
437,MLI,2000,0.13716449469218078,0.006952529991281859,0.7092927839613441,0.0155088152158536
438,MLI,2001,0.13674407292681778,0.007116296295660248,0.7131659786767668,0.015714803682040326
439,MLI,2002,0.129089802881911,0.007466880969924706,0.6962056460619204,0.016095226850685904
440,MLI,2003,0.13427741138039773,0.00763408432746661,0.6879458848823307,0.016464378795424377
441,MLI,2004,0.1315862829009833,0.007531014763425701,0.6767111303594466,0.016298422932105427
442,MLI,2005,0.13047688432774182,0.007605812438751618,0.6781742272250753,0.01636095049339233
443,MLI,2006,0.13033735340302985,0.007539575673693339,0.6676904308320405,0.016361888329752123
444,MLI,2007,0.132192186094337,0.00754032668015015,0.6578252983667787,0.016503700087894292
445,MLI,2008,0.14983499108442158,0.007497461167910047,0.6542622483332976,0.016669166450834657
446,MLI,2009,0.13801892193434917,0.007334176959781875,0.6386283318644252,0.01633724628897684
447,MLI,2010,0.1370379181120061,0.007325111746548525,0.6272130090883028,0.016320612003325657
448,MLI,2011,0.1389413206652596,0.007306431520366105,0.6168927601140426,0.01643299645369594
449,MLI,2012,0.1424828907990418,0.007361330326571604,1.0,0.017273041640716913
450,NOR,1995,0.17308495945850533,0.06821749528118616,0.6238131455398097,0.20795870605508587
451,NOR,1996,0.1702926952613848,0.06671282888281407,0.6534819755352418,0.20314085340854857
452,NOR,1997,0.1758936615452514,0.06468290510615368,0.6558211567871057,0.19693551305350124
453,NOR,1998,0.17222450804403938,0.07205714517840714,0.6481153609299579,0.21781559062055578
454,NOR,1999,0.3361863157595043,0.06569807987508972,0.7132094507395874,0.19906162240787284
455,NOR,2000,0.172389919363795,0.05798407495830293,0.655188641620799,0.17729618098451744
456,NOR,2001,0.17601595883468696,0.06379076729693121,0.6326210163915424,0.19459144834239636
457,NOR,2002,0.17486346688816354,0.055431594648227965,0.6264267507993356,0.16842976666870696
458,NOR,2003,0.18078353733877192,0.0549279170038667,0.6234820311322523,0.16713245804647697
459,NOR,2004,0.1774825225193533,0.05381289192134011,0.616331959545095,0.16379178688159352
460,NOR,2005,0.17102477552554116,0.05776341800559706,0.6260484977656194,0.1762134054498737
461,NOR,2006,0.17033153841635384,0.050443467462245185,0.6196002988030971,0.15408502876234284
462,NOR,2007,0.17042071606221637,0.04946951062096533,0.613506366826075,0.15119075896339515
463,NOR,2008,0.33134475071211217,0.05262790501794933,0.6835346771153252,0.16172803374040157
464,NOR,2009,0.16698005487065773,0.04450149541829299,0.5995828660851241,0.13614213428458552
465,NOR,2010,0.16562167480179696,0.04392331338064,0.5927596091974244,0.13438381854574022
466,NOR,2011,0.16355677748933872,0.049194830517274066,0.5855662024291082,0.15078543461417876
467,NOR,2012,0.16969228892919938,0.04637131177907594,0.5824659672643849,0.14236557128271615
468,PER,1995,0.17497694328643174,0.004095132554451271,0.7888482958043095,0.006158216585931018
469,PER,1996,0.17159767808660922,0.004192073986512508,0.8007894822375989,0.006156075855369991
470,PER,1997,0.17074914533989108,0.004253202588049931,0.8079080714158138,0.00615703589109584
471,PER,1998,0.17241231327849804,0.004321425656768733,0.815518899223218,0.006162937741809223
472,PER,1999,0.16953174037698632,0.0038957600525242357,0.8049130654646721,0.005641212846854342
473,PER,2000,0.1698185446063974,0.003873374306836225,0.8087195534407788,0.007511706072421507
474,PER,2001,0.33304435347180095,0.003872232743608689,0.841533362950155,0.008683578962577203
475,PER,2002,0.17510367156340093,0.003901419076406685,0.7769789943695128,0.009368746861348105
476,PER,2003,0.17990331643378465,0.004736040586965912,0.7682805476850127,0.01149659679686829
477,PER,2004,0.17455157555287,0.003895259766961985,0.7746132521265036,0.009303116108400332
478,PER,2005,0.17796454358683556,0.0039372119484719385,0.7616889614604117,0.00962169140878691
479,PER,2006,0.17485538886151938,0.003942469548324377,0.6815367757554229,0.009770244085641554
480,PER,2007,0.17607933729925096,0.003979636513396643,0.6766020815558909,0.00970067825857063
481,PER,2008,0.1821109819873778,0.00411026328187796,0.6589546667252126,0.010194010975447792
482,PER,2009,0.18291528788343606,0.004102291373452903,0.6462853864427083,0.010341501701696596
483,PER,2010,0.1832663193949113,0.004053521353157334,0.642615009302826,0.010306134459754033
484,PER,2011,0.18086995265003164,0.00398356929841141,0.7411175393397611,0.010378854142471826
485,PER,2012,0.18232293725595142,0.003979875349197024,0.7255690156422103,0.010671005381628145
486,POL,1995,0.2033016521132055,0.0933001877579413,0.6789394983029388,0.2859469687219334
487,POL,1996,0.2015269097081082,0.09076939928277244,0.6724783023157013,0.27938155355398836
488,POL,1997,0.2094347693134564,0.10221837445829665,0.6700328999054197,0.3144228996851138
489,POL,1998,0.19847293540809618,0.08647190720535096,0.6596896642318202,0.2669136842277483
490,POL,1999,0.3811711637637704,0.0625051858535224,0.7325764369961394,0.1943561648351121
491,POL,2000,0.1973222890499204,0.06160391378719693,0.6470432129809708,0.19301252931979693
492,POL,2001,0.1999184760634232,0.061499106206273815,0.6421106856664207,0.1939598948229845
493,POL,2002,0.19979576862210685,0.059056234340802066,0.6359708374453483,0.18668095265275594
494,POL,2003,0.2083836089793413,0.05893658872794793,0.6338481774801588,0.18659714052386123
495,POL,2004,0.2058500942054929,0.05710307091309435,0.6266177741764445,0.18096075214331905
496,POL,2005,0.19287178224580634,0.05358466257646562,0.6727803450873227,0.1713894677303279
497,POL,2006,0.19377108895269654,0.052415106178738,0.6673082374408023,0.1674781029245672
498,POL,2007,0.19417158085165043,0.05161010760630461,0.6616397028935788,0.16453602681269527
499,POL,2008,0.3703905646275786,0.05010900419544401,0.7310744509981659,0.15896328578465196
500,POL,2009,0.19278623950846036,0.04699522041929299,0.6493703553731754,0.14962587657714874
501,POL,2010,0.187286720910179,0.04653905070818858,0.6705288442157084,0.1490251938797717
502,POL,2011,0.18460978374544748,0.046232222433801075,0.6635408306927529,0.1494895511566584
503,POL,2012,0.19400060597485247,0.044988516309544965,0.6615810096713133,0.1455562178238522
504,QAT,1995,0.16689739503586098,0.036820914117639665,1.0,0.05201154621006596
505,QAT,1996,0.1627607449314378,0.03377589224808014,0.9958043337019165,0.04687285429104482
506,QAT,1997,0.18052228865280662,0.03403778218870072,0.9917866846430929,0.048183356601481736
507,QAT,1998,0.1695036970335697,0.034718924679121924,0.9875143741961052,0.047413516125271414
508,QAT,1999,0.2164027865233944,0.035513526394347156,0.9842926026224762,0.051545303503543125
509,QAT,2000,0.16844170556748211,0.030549416898758272,0.9791640138125354,0.04592359009694265
510,QAT,2001,0.16725780873051355,0.030625713327267733,0.9749612193235099,0.04538733111455194
511,QAT,2002,0.16343767693506164,0.03030251732358362,0.9706540821310412,0.04446239270297876
512,QAT,2003,0.26245232364905996,0.03247737661157539,0.9704313536646865,0.04908967360645499
513,QAT,2004,0.2613929886462815,0.03314761669230235,0.9666874949582948,0.048446845079351736
514,QAT,2005,0.1696740547121396,0.029998520738778008,0.9583897844734557,0.04454418639243749
515,QAT,2006,0.1674119683661686,0.030801867439040218,0.9541040667204445,0.04592137654413132
516,QAT,2007,0.1669979662477589,0.03087407452835517,0.9499068128290791,0.04590004161228821
517,QAT,2008,0.22014142228698363,0.03206277507969876,0.9491945195884528,0.04802258662283328
518,QAT,2009,0.1654007963822854,0.03161344105352939,0.9414458934915177,0.045682611096984745
519,QAT,2010,0.15930786094104463,0.03208994888131931,0.936805453395316,0.048691424999590366
520,QAT,2011,0.15330975480409154,0.031867652925925624,0.9321115496163658,0.04822712586150336
521,QAT,2012,0.2332213076091137,0.032696923318654376,0.9346763694240277,0.04874980374622483
522,RUS,1995,0.22239562643685037,0.036804417407173724,0.6744381548538617,0.08160031980282222
523,RUS,1996,0.22326577790613847,0.04045571612076143,0.6693825047169696,0.08896428405328029
524,RUS,1997,0.2290797596838619,0.03800683731937218,0.6664778406881925,0.0826738579297
525,RUS,1998,0.22095169722755909,0.03614188128149358,0.6575253019299482,0.07862803855458865
526,RUS,1999,0.40873454346217963,0.04414787178220857,0.7694209852689069,0.09625236938736066
527,RUS,2000,0.22078972502672894,0.0361563318763713,0.6831284964393577,0.08042162222238096
528,RUS,2001,0.22439253171076004,0.033695303448966096,0.679691461766541,0.07210005048690896
529,RUS,2002,0.22500604489532428,0.03270194778436267,0.6750683163854717,0.06806994419295403
530,RUS,2003,0.25023529956185214,0.03257903861339082,0.6809494667253859,0.06793031344176866
531,RUS,2004,0.24766134479369817,0.03181002305555206,0.6751624347618403,0.064878907638086
532,RUS,2005,0.22146612207652927,0.032830501628132315,0.6697932323515778,0.06421454871802607
533,RUS,2006,0.2206525283763426,0.03055156939970909,0.6641166739720208,0.05991747389699569
534,RUS,2007,0.22192136239932392,0.030540187642220905,0.6593407149794177,0.05716492614631927
535,RUS,2008,0.4175535005731177,0.03142532587401136,0.7381912208413303,0.05873214909145838
536,RUS,2009,0.2216222197554406,0.02793874764023309,0.6447376576175824,0.052845029650376414
537,RUS,2010,0.2153882776678802,0.027361816384878192,0.6347299489233216,0.05151159463450239
538,RUS,2011,0.21446610195482982,0.028563466102355817,0.6288424375493509,0.05426368305833056
539,RUS,2012,0.2327726076810031,0.029488638863786127,0.6360999856171414,0.05537676796391412
540,RWA,1995,0.1555435023631997,0.007501206815829524,0.684193893615012,0.015425864563888402
541,RWA,1996,0.15808221907228798,0.007572659388462029,0.6796195101126432,0.01542155126138653
542,RWA,1997,0.2776811729895849,0.007683118222355337,0.7203921679274441,0.015694010206919864
543,RWA,1998,0.15644554045826473,0.008386568691634661,0.6679276145605779,0.017107011600140675
544,RWA,1999,0.3219808921447834,0.009437427178658628,0.8339888011466166,0.01571414114719544
545,RWA,2000,0.15623036109783814,0.008846759040869229,0.7933135637204096,0.013357852686280942
546,RWA,2001,0.15565646145608295,0.008773800340577734,0.7933970441365703,0.013150028195623812
547,RWA,2002,0.15465950531933212,0.007971052194747582,0.8022229884269131,0.011701932934173
548,RWA,2003,0.16635748158144015,0.008699473501377784,0.8057521257177196,0.013305603053839196
549,RWA,2004,0.1629831843652526,0.008859796153211174,0.7889166208595533,0.013839866219959269
550,RWA,2005,0.14727072786962447,0.007951219631476117,0.7706308158858116,0.012596727737658651
551,RWA,2006,0.14241970941403156,0.006700906255673562,0.7539452352635916,0.010793968530754592
552,RWA,2007,0.14631261926902867,0.006523179871242623,0.7400974151927546,0.010661575910324237
553,RWA,2008,0.15483014393880373,0.006572349494654892,0.7275490261875754,0.01086226910242369
554,RWA,2009,0.1605205230841329,0.006401845766420148,0.7140199382849441,0.010735439879211358
555,RWA,2010,0.15811517832289565,0.006813106123864841,0.6930989967843579,0.01171446178848528
556,RWA,2011,0.1561768031352983,0.006512779250003939,0.6762375115746904,0.011365548238394241
557,RWA,2012,0.16797222796267497,0.0066766128525990245,0.6645131958128131,0.011811472068235853
558,SAU,1995,0.19976531941193235,0.027747927238422843,0.6188825027696028,0.04524067044617369
559,SAU,1996,0.19719206305663484,0.027410402232182884,0.6896926141472961,0.04590227194466095
560,SAU,1997,0.22945468029669347,0.028100851873149632,0.696844486805114,0.045841014250685264
561,SAU,1998,0.20449801927817976,0.02827518201214656,0.6815350163536749,0.046635954490880586
562,SAU,1999,0.269828645536102,0.0303135433764228,0.7026491181252472,0.050558444649478666
563,SAU,2000,0.19459894326079405,0.02860548055348901,0.6664538948960262,0.0465285067096494
564,SAU,2001,0.19193537360499408,0.028728242739564765,0.6597733266009522,0.046984613339733076
565,SAU,2002,0.19442898728447153,0.027472915190570543,0.6552629602251716,0.04534844571123214
566,SAU,2003,0.2897852003673694,0.02938980444274063,0.6911677143534742,0.048149512859305944
567,SAU,2004,0.2927841225738861,0.02632638036884001,0.715949909720448,0.04017402834341531
568,SAU,2005,0.19334817784820957,0.026364545435996232,0.7029806459998258,0.038113797245213576
569,SAU,2006,0.19007145622959948,0.02668592745505543,0.7290046466938717,0.03686223149335633
570,SAU,2007,0.1920282086475173,0.026610363780460222,0.7569380086226656,0.03546955750066324
571,SAU,2008,0.2504822220585433,0.027844363193803262,0.7998982924154359,0.03498522241123025
572,SAU,2009,0.19616393678517396,0.02714648193112636,0.7778967568954434,0.035683929180057174
573,SAU,2010,0.19093096115631897,0.027540633897542362,0.768775335922544,0.03589468973945019
574,SAU,2011,0.1917938834995792,0.02716473210470283,0.7612280110311,0.035277229096418734
575,SAU,2012,0.2843219262810077,0.030175912990597468,0.7815502386730762,0.03923909275165566
576,TUR,1995,0.21291558466760432,0.05721478271914417,0.809614479438412,0.1297950863602152
577,TUR,1996,0.2135049498992715,0.06777568602923696,0.8245566132988504,0.15170209257824668
578,TUR,1997,0.2235926711604138,0.05854616058756093,1.0,0.12719170582413872
579,TUR,1998,0.21332304915709993,0.056861269853616135,0.9971366107645903,0.12488899240548762
580,TUR,1999,0.36122408205861994,0.06023030284083091,0.8812804140477324,0.12830535128632883
581,TUR,2000,0.20837007860738063,0.059842910338457726,0.8568748219597002,0.12632926593146326
582,TUR,2001,0.2077529847910258,0.054538752369252826,0.8417781438392289,0.11710262420254579
583,TUR,2002,0.20588308447048528,0.051895263005132065,0.8348029738309217,0.11599324324757412
584,TUR,2003,0.26038368358144165,0.05149949621873609,0.8348983950990893,0.11675683086564563
585,TUR,2004,0.2583392182479375,0.051937169750532204,0.8200111172662151,0.11994459656991142
586,TUR,2005,0.20657688443881883,0.04770517081383211,0.8099324938724667,0.10903685538997336
587,TUR,2006,0.20846394647092242,0.046933739859243796,0.8067976234201222,0.10732199525179682
588,TUR,2007,0.20956222578174472,0.047346739366254185,0.7996216290247131,0.10951653086499359
589,TUR,2008,0.35019072356056985,0.0472366310632123,0.825818389747236,0.11072614625132869
590,TUR,2009,0.20740862923813141,0.04481609835401078,0.782725578011681,0.10537930679703511
591,TUR,2010,0.20537520437433499,0.04366110472406335,0.7694653323497609,0.10095943191006791
592,TUR,2011,0.20465946905451482,0.04712431838088015,0.7635174842362835,0.10835589824658146
593,TUR,2012,0.26123791837404753,0.04858827162536783,0.774621404729185,0.11240596163345065
594,UGA,1995,0.14521058969765724,0.008877599850367644,0.9507139461743546,0.01932008861616465
595,UGA,1996,0.15455789632815997,0.008513640171968179,0.9458365553409633,0.018916608034655252
596,UGA,1997,0.2811598145040199,0.009177197642995608,0.9469887244390661,0.02098196711267974
597,UGA,1998,0.15533601162001656,0.009275136155459846,0.9320470294719935,0.021226212610971153
598,UGA,1999,0.30519283894056964,0.010022516576311433,0.9394448812940837,0.022824422478366854
599,UGA,2000,0.15348782963892488,0.010093995418014472,0.9205480677349394,0.02334288809056893
600,UGA,2001,0.1479839888029783,0.010257568658677376,0.9143194517365064,0.02377711785308084
601,UGA,2002,0.14328501471974606,0.010120731191069656,0.9484957124974176,0.01836365383728282
602,UGA,2003,0.15751218057889485,0.00947843750788568,0.9466071824549108,0.017145491531782554
603,UGA,2004,0.15508331513564622,0.009520692186942107,0.9422700331846683,0.017288566129415164
604,UGA,2005,0.14303877488310643,0.00922123793980056,0.9394369601063455,0.016964344207562484
605,UGA,2006,0.14477454729341915,0.007565208445117388,0.9350613486758519,0.013944650681687838
606,UGA,2007,0.1444189151056323,0.0074991231310881975,0.9303210260920307,0.01397100293845041
607,UGA,2008,0.1537721360949931,0.007561983803882186,0.9228674147049146,0.014445758221930666
608,UGA,2009,0.1517969824439501,0.007352107572465792,0.9140033110498977,0.014342746173333362
609,UGA,2010,0.14420498414425317,0.008070029485786003,0.9040182054902012,0.016132997179326557
610,UGA,2011,0.1471884698682719,0.007485628477381679,0.8947175735499883,0.01508201975454522
611,UGA,2012,0.16164959852660155,0.00768650097813597,0.8845756137297763,0.015953020173095037
612,UKR,1995,0.20522309333753977,0.06477708207219596,0.6881881649371246,0.13182655670569712
613,UKR,1996,0.20646278308210964,0.0717539820043213,0.6832126773625045,0.1454931609635393
614,UKR,1997,0.2134488301609381,0.06199483707323355,0.6805878053090597,0.12232991749881582
615,UKR,1998,0.20413192634125255,0.06092079258351492,0.6713263910450136,0.12106002697855636
616,UKR,1999,0.38187476067988224,0.05917348702698982,0.74027083902767,0.12160688357821296
617,UKR,2000,0.20193001487378887,0.05814856792349153,0.6588945179288247,0.124205017471454
618,UKR,2001,0.20716879089813398,0.05744273692539414,0.6553972950300705,0.12494341258547428
619,UKR,2002,0.20624627699871823,0.055592955672696884,0.6492447020170992,0.12046593641619359
620,UKR,2003,0.2226994449248827,0.055306327135711125,0.6508744345789252,0.12337909597003036
621,UKR,2004,0.22141961943795593,0.054325261292640224,0.6446410410378804,0.13377464338155182
622,UKR,2005,0.1998788835561347,0.057710697073004164,0.6821639507818493,0.13476065066569007
623,UKR,2006,0.1986166179002692,0.051514571496639704,0.6702680805919692,0.124951769871615
624,UKR,2007,0.19890384166299252,0.05090123139259576,0.6646035625897407,0.12439179623895723
625,UKR,2008,0.36662756111612294,0.05582785081439909,0.7302527813503611,0.13654456804351242
626,UKR,2009,0.19635916483539564,0.047336871369214224,0.6519360461547994,0.11329017216393196
627,UKR,2010,0.1925683610312079,0.04688923294918592,0.6786383561434606,0.10256438261250238
628,UKR,2011,0.19046591718787206,0.04639233066368712,0.6720480301339166,0.0970419077249125
629,UKR,2012,0.210615085683926,0.04546796941236366,0.6746003614488929,0.09459939942074583
630,USA,1995,0.19261861776182754,0.0066771812452543974,0.69427559097738,0.019345545333099172
631,USA,1996,0.1838253990211373,0.006824561307275631,0.6777056302731066,0.020051279241287377
632,USA,1997,0.19675858215513634,0.010834271890952572,0.6695182939578572,0.03229219396801617
633,USA,1998,0.18765376985805737,0.006615159932481999,0.6520601781608583,0.0200002660750788
634,USA,1999,0.19753361495987995,0.006662437112940388,0.6462254323280969,0.020319244574409884
635,USA,2000,0.1857940979586812,0.006671487584254411,0.6268326416208958,0.02079928846756245
636,USA,2001,0.35904589583188823,0.006313060604127542,0.73298047328593,0.019978588150021244
637,USA,2002,0.18569549271052346,0.0066680135203127655,0.6645103805272318,0.020889025127456173
638,USA,2003,0.18553923904388514,0.006567820171777813,0.6503542292866457,0.02094935289680557
639,USA,2004,0.18338572405187803,0.006443001960243926,0.6531108481893148,0.02016100787218346
640,USA,2005,0.18356392267355348,0.006352281753130874,0.6566245934257724,0.01950489142299257
641,USA,2006,0.18351924591656812,0.006297735416513116,0.6700542879109934,0.018665370941414936
642,USA,2007,0.18489530492090264,0.00632341982911349,0.6849009377378578,0.018129652266047246
643,USA,2008,0.198120973276244,0.00616311742018405,0.7049343663967478,0.017178535328768785
644,USA,2009,0.19135415250281776,0.006041627446156291,0.7535752391074206,0.016429926873680632
645,USA,2010,0.1863944420078484,0.005814921938437288,0.7629871986061102,0.01546878598189408
646,USA,2011,0.1860545965510152,0.005532483839243119,0.7777870375475884,0.014261220703605824
647,USA,2012,0.18665811125832846,0.005479105771816393,0.7754749832112973,0.01409271828836469
648,UZB,1995,0.1656984075512806,0.03383217043895305,0.6691121757860329,0.04104578106177121
649,UZB,1996,0.16233418313105516,0.03417787271907188,0.6623316452201353,0.03873751963477641
650,UZB,1997,0.16271774715850298,0.034772443456809264,0.6570424923269003,0.04135361031367644
651,UZB,1998,0.1596162421359233,0.035015404319227984,0.6503081560001095,0.04045139562509684
652,UZB,1999,0.1960781624011171,0.036444776071873006,0.6602534450887401,0.04280432420681255
653,UZB,2000,0.15224786711800067,0.03806743602350522,0.6362184193258571,0.04468170324066117
654,UZB,2001,0.1576692364152676,0.03514897539008181,0.6330682061970905,0.04314749213777255
655,UZB,2002,0.17304928235116446,0.03217910420802137,0.6343913854105838,0.039903731521719166
656,UZB,2003,0.21701331987180503,0.03245445863593796,0.6487378592052304,0.04065927506642963
657,UZB,2004,0.21166180817173946,0.03251737043658546,0.641211523546183,0.04105961596831914
658,UZB,2005,0.17309870491199167,0.03268970707425562,0.6182844081176262,0.04285138301577698
659,UZB,2006,0.173978619214567,0.03311574923014782,0.6133200406741716,0.04370331822036338
660,UZB,2007,0.1724851548909371,0.03329692140557802,0.6072406499683679,0.04402375247522529
661,UZB,2008,0.3009199962544857,0.03376359922849638,0.6636538362293027,0.044307047670549514
662,UZB,2009,0.17698711074211432,0.03420335210581052,0.5986754021222253,0.04517021832273745
663,UZB,2010,0.17743188659491374,0.034288387319797664,0.5935441847022132,0.045823112380099514
664,UZB,2011,0.16273048820086736,0.03477644828726417,0.5823710855224502,0.04665801505786942
665,UZB,2012,0.20264634656333913,0.03534238384664715,0.597115881365785,0.04717718928536684
666,VEN,1995,0.15302195881299613,0.010838256937314487,0.6789641785408133,0.02903041735052191
667,VEN,1996,0.16135151929124633,0.00974757647596085,0.6761321297479883,0.02627081900950701
668,VEN,1997,0.15751466026926841,0.011149737426834935,0.6686194711188043,0.02920722492103852
669,VEN,1998,0.16660873130851567,0.009806544803947118,0.666216524682855,0.026095311729127983
670,VEN,1999,0.16821348786117254,0.010010137671957563,0.6786972424200931,0.024503437339422427
671,VEN,2000,0.1693869812337021,0.014410594869151623,0.6835664298950267,0.03183362672493042
672,VEN,2001,0.31292761776187616,0.00977380666748746,0.7336581285133775,0.02171815534116928
673,VEN,2002,0.16959708664513623,0.0102499221777653,0.6725463486977779,0.02253927057847121
674,VEN,2003,0.1709189409634407,0.011795741108533651,0.6675263697255218,0.025712345131893626
675,VEN,2004,0.17786054809529656,0.010287326249032834,0.6648152233039784,0.021600977580824722
676,VEN,2005,0.17485754912613524,0.010489497236311167,0.6658411826925502,0.02048049609511144
677,VEN,2006,0.16973485340572833,0.012086803112520904,0.6541403031217174,0.022429643302994556
678,VEN,2007,0.1720671584621506,0.01042160877314105,0.6452218038767884,0.019630245633429088
679,VEN,2008,0.17585574826581662,0.011950935219326369,0.6413272127900179,0.02257013439854358
680,VEN,2009,0.1776395697592166,0.012094697242461632,0.636597443842549,0.02169549270742114
681,VEN,2010,0.1785680122232323,0.015239957842520179,0.6315078412745582,0.02750714872243189
682,VEN,2011,0.17446319737698182,0.010154466689923465,0.6229695553333781,0.018298634866167146
683,VEN,2012,0.17595809594645528,0.010019395294003383,0.693637439695043,0.01790784277118822
